"Genus","Species","Class","Order","Family","genus_species"
"Acar","domingensis","Bivalvia","Arcoida","Arcidae","Acar domingensis"
"Acontias","meleagris","Reptilia","Squamata","Scincidae","Acontias meleagris"
"Adamussium","colbecki","Bivalvia","Ostreoida","Pectinidae","Adamussium colbecki"
"Adelotus","brevis","Amphibia","Anura","Myobatrachidae","Adelotus brevis"
"Agkistrodon","contortrix","Reptilia","Squamata","Viperidae","Agkistrodon contortrix"
"Agroeca","proxima","Arachnida","Araneae","Liocranidae","Agroeca proxima"
"Ambystoma","jeffersonianum","Amphibia","Caudata","Ambystomatidae","Ambystoma jeffersonianum"
"Ambystoma","macrodactylum","Amphibia","Caudata","Ambystomatidae","Ambystoma macrodactylum"
"Ambystoma","maculatum","Amphibia","Caudata","Ambystomatidae","Ambystoma maculatum"
"Ameiva","festiva","Reptilia","Squamata","Teiidae","Ameiva festiva"
"Amphibolurus","muricatus","Reptilia","Squamata","Agamidae","Amphibolurus muricatus"
"Anaxyrus","compactilis","Amphibia","Anura","Bufonidae","Anaxyrus compactilis"
"Anniella","pulchra","Reptilia","Squamata","Anniellidae","Anniella pulchra"
"Anodontia","bullula","Bivalvia","Veneroida","Lucinidae","Anodontia bullula"
"Anolis","auratus","Reptilia","Squamata","Dactyloidae","Anolis auratus"
"Anolis","barbouri","Reptilia","Squamata","Dactyloidae","Anolis barbouri"
"Anolis","carolinensis","Reptilia","Squamata","Dactyloidae","Anolis carolinensis"
"Anolis","cristatellus","Reptilia","Squamata","Dactyloidae","Anolis cristatellus"
"Anolis","cupreus","Reptilia","Squamata","Dactyloidae","Anolis cupreus"
"Anolis","cybotes","Reptilia","Squamata","Dactyloidae","Anolis cybotes"
"Anolis","distichus","Reptilia","Squamata","Dactyloidae","Anolis distichus"
"Anolis","frenatus","Reptilia","Squamata","Dactyloidae","Anolis frenatus"
"Anolis","humilis","Reptilia","Squamata","Dactyloidae","Anolis humilis"
"Anolis","intermedius","Reptilia","Squamata","Dactyloidae","Anolis intermedius"
"Anolis","lemurinus","Reptilia","Squamata","Dactyloidae","Anolis lemurinus"
"Anolis","limifrons","Reptilia","Squamata","Dactyloidae","Anolis limifrons"
"Anolis","lionotus","Reptilia","Squamata","Dactyloidae","Anolis lionotus"
"Anolis","marcanoi","Reptilia","Squamata","Dactyloidae","Anolis marcanoi"
"Anolis","pentaprion","Reptilia","Squamata","Dactyloidae","Anolis pentaprion"
"Anolis","sagrei","Reptilia","Squamata","Dactyloidae","Anolis sagrei"
"Anolis","semilineatus","Reptilia","Squamata","Dactyloidae","Anolis semilineatus"
"Anolis","shrevei","Reptilia","Squamata","Dactyloidae","Anolis shrevei"
"Anolis","tropidogaster","Reptilia","Squamata","Dactyloidae","Anolis tropidogaster"
"Anolis","tropidolepis","Reptilia","Squamata","Dactyloidae","Anolis tropidolepis"
"Anomalopus","brevicollis","Reptilia","Squamata","Scincidae","Anomalopus brevicollis"
"Anomalopus","leuckartii","Reptilia","Squamata","Scincidae","Anomalopus leuckartii"
"Aphaenogaster","fulva","Insecta","Hymenoptera","Formicidae","Aphaenogaster fulva"
"Argopecten","purpuratus","Bivalvia","Pectinoida","Pectininae","Argopecten purpuratus"
"Arizona","elegans","Reptilia","Squamata","Colubridae","Arizona elegans"
"Aulacomya","atra","Bivalvia","Mytiloida","Mytilidae","Aulacomya atra"
"Austrelaps","superbus","Reptilia","Squamata","Elapidae","Austrelaps superbus"
"Barbatia","pistachia","Bivalvia","Pteriomorpha","Arcidae","Barbatia pistachia"
"Basiliscus","vittatus","Reptilia","Squamata","Corytophanidae","Basiliscus vittatus"
"Bassiana","duperreyi","Reptilia","Squamata","Scincidae","Bassiana duperreyi"
"Bassiana","platynota","Reptilia","Squamata","Scincidae","Bassiana platynota"
"Bullia","rhodostoma","Neogastropoda","Nassariidae","Nassariidae","Bullia rhodostoma"
"Calyptotis","temporalis","Reptilia","Squamata","Scincidae","Calyptotis temporalis"
"Camponotus","americanus","Insecta","Hymenoptera","Formicidae","Camponotus americanus"
"Camponotus","castaneus","Insecta","Hymenoptera","Formicidae","Camponotus castaneus"
"Camponotus","chromaiodes","Insecta","Hymenoptera","Formicidae","Camponotus chromaiodes"
"Camponotus","novaeboracensis","Insecta","Hymenoptera","Formicidae","Camponotus novaeboracensis"
"Camponotus","pennsylvanicus","Insecta","Hymenoptera","Formicidae","Camponotus pennsylvanicus"
"Carlia","longipes","Reptilia","Squamata","Scincidae","Carlia longipes"
"Carlia","munda","Reptilia","Squamata","Scincidae","Carlia munda"
"Carlia","pectoralis","Reptilia","Squamata","Scincidae","Carlia pectoralis"
"Carlia","rhomboidalis","Reptilia","Squamata","Scincidae","Carlia rhomboidalis"
"Carlia","schmeltzi","Reptilia","Squamata","Scincidae","Carlia schmeltzi"
"Carlia","vivax","Reptilia","Squamata","Scincidae","Carlia vivax"
"Cerastoderma","edule","Bivalvia","Veneroida","Cardiidae","Cerastoderma edule"
"Chamaeleo","dilepis","Reptilia","Squamata","Chamaeleonidae","Chamaeleo dilepis"
"Chamaeleo","jacksonii","Reptilia","Squamata","Chamaeleonidae","Chamaeleo jacksonii"
"Charina","bottae","Reptilia","Squamata","Boidae","Charina bottae"
"Chionactis","occipitalis","Reptilia","Squamata","Colubridae","Chionactis occipitalis"
"Chondrodactylus","angulifer","Reptilia","Squamata","Gekkonidae","Chondrodactylus angulifer"
"Chondrodactylus","bibronii","Reptilia","Squamata","Gekkonidae","Chondrodactylus bibronii"
"Clubiona","diversa","Arachnida","Araneae","Clubionidae","Clubiona diversa"
"Clubiona","trivialis","Arachnida","Araneae","Clubionidae","Clubiona trivialis"
"Clupea","harengus","Actinopterygii","Clupeiformes","Clupeidae","Clupea harengus"
"Cnemidocarpa","bicornuta","Ascidiacea","Stolidobranchia","Styelidae","Cnemidocarpa bicornuta"
"Cnemidophorus","sexlineatus","Reptilia","Squamata","Teiidae","Cnemidophorus sexlineatus"
"Coleonyx","brevis","Reptilia","Squamata","Eublepharidae","Coleonyx brevis"
"Coleonyx","variegatus","Reptilia","Squamata","Eublepharidae","Coleonyx variegatus"
"Coluber","constrictor","Reptilia","Squamata","Colubridae","Coluber constrictor"
"Cookia","sulcata","Gastropoda","Vetigastropoda","Turbinidae","Cookia sulcata"
"Cophixalus","bombiens","Amphibia","Anura","Microhylidae","Cophixalus bombiens"
"Cophixalus","mcdonaldi","Amphibia","Anura","Microhylidae","Cophixalus mcdonaldi"
"Cophixalus","neglectus","Amphibia","Anura","Microhylidae","Cophixalus neglectus"
"Cophosaurus","texanus","Reptilia","Squamata","Iguanidae","Cophosaurus texanus"
"Cordylus","cordylus","Reptilia","Squamata","Cordylidae","Cordylus cordylus"
"Cordylus","niger","Reptilia","Squamata","Cordylidae","Cordylus niger"
"Cordylus","oelofseni","Reptilia","Squamata","Cordylidae","Cordylus oelofseni"
"Crangon","crangon","Malacostraca","Decapoda","Crangonidae","Crangon crangon"
"Crinia","signifera","Amphibia","Anura","Myobatrachidae","Crinia signifera"
"Crotalus","atrox","Reptilia","Squamata","Viperidae","Crotalus atrox"
"Crotalus","cerastes","Reptilia","Squamata","Viperidae","Crotalus cerastes"
"Crotalus","scutulatus","Reptilia","Squamata","Viperidae","Crotalus scutulatus"
"Crotalus","viridis","Reptilia","Squamata","Viperidae","Crotalus viridis"
"Crotaphytus","collaris","Reptilia","Squamata","Crotaphytidae","Crotaphytus collaris"
"Crustulina","guttata","Arachnida","Araneae","Theridiidae","Crustulina guttata"
"Cryptoblepharus","litoralis","Reptilia","Squamata","Scincidae","Cryptoblepharus litoralis"
"Cryptoblepharus","plagiocephalus","Reptilia","Squamata","Scincidae","Cryptoblepharus plagiocephalus"
"Cryptoblepharus","virgatus","Reptilia","Squamata","Scincidae","Cryptoblepharus virgatus"
"Ctenophorus","cristatus","Reptilia","Squamata","Agamidae","Ctenophorus cristatus"
"Ctenophorus","decresii","Reptilia","Squamata","Agamidae","Ctenophorus decresii"
"Ctenophorus","fordi","Reptilia","Squamata","Agamidae","Ctenophorus fordi"
"Ctenophorus","maculosus","Reptilia","Squamata","Agamidae","Ctenophorus maculosus"
"Ctenophorus","nuchalis","Reptilia","Squamata","Agamidae","Ctenophorus nuchalis"
"Ctenophorus","pictus","Reptilia","Squamata","Agamidae","Ctenophorus pictus"
"Ctenophorus","reticulatus","Reptilia","Squamata","Agamidae","Ctenophorus reticulatus"
"Ctenotus","essingtoni","Reptilia","Squamata","Scincidae","Ctenotus essingtoni"
"Ctenotus","pantherinus","Reptilia","Squamata","Scincidae","Ctenotus pantherinus"
"Ctenotus","regius","Reptilia","Squamata","Scincidae","Ctenotus regius"
"Ctenotus","spaldingi","Reptilia","Squamata","Scincidae","Ctenotus spaldingi"
"Ctenotus","taeniolatus","Reptilia","Squamata","Scincidae","Ctenotus taeniolatus"
"Ctenotus","uber","Reptilia","Squamata","Scincidae","Ctenotus uber"
"Cyclodomorphus","branchialis","Reptilia","Squamata","Scincidae","Cyclodomorphus branchialis"
"Cyclodomorphus","melanops","Reptilia","Squamata","Scincidae","Cyclodomorphus melanops"
"Cyclorana","alboguttatus","Amphibia","Anura","Hylidae","Cyclorana alboguttatus"
"Cyclorana","brevipes","Amphibia","Anura","Hylidae","Cyclorana brevipes"
"Cyrtodactylus","philippinicus","Reptilia","Squamata","Gekkonidae","Cyrtodactylus philippinicus"
"Dascyllus","aruanus","Actinopterygii","Perciformes","Pomacentridae","Dascyllus aruanus"
"Dendrobates","auratus","Amphibia","Anura","Dendrobatidae","Dendrobates auratus"
"Desmognathus","fuscus","Amphibia","Caudata","Plethodontidae","Desmognathus fuscus"
"Desmognathus","ochrophaeus","Amphibia","Caudata","Plethodontidae","Desmognathus ochrophaeus"
"Desmognathus","quadramaculatus","Amphibia","Caudata","Plethodontidae","Desmognathus quadramaculatus"
"Diplodus","bellottii","Actinopterygii","Perciformes","Sparidae","Diplodus bellottii"
"Diplodus","sargus","Actinopterygii","Perciformes","Sparidae","Diplodus sargus"
"Diplodus","vulgaris","Actinopterygii","Perciformes","Sparidae","Diplodus vulgaris"
"Dipsosaurus","dorsalis","Reptilia","Squamata","Iguanidae","Dipsosaurus dorsalis"
"Distaplia","occidentalis","Ascidiacea","Aplousobranchia","Holozoidae","Distaplia occidentalis"
"Divaricella","irpex","Bivalvia","Veneroida","Lucinidae","Divaricella irpex"
"Donax","serra","Bivalvia","Veneroida","Donacidae","Donax serra"
"Echinometra","lucunter","Echinoidea","Camarodonta","Echinometridae","Echinometra lucunter"
"Egernia","cunninghami","Reptilia","Squamata","Scincidae","Egernia cunninghami"
"Egernia","saxatilis","Reptilia","Squamata","Scincidae","Egernia saxatilis"
"Egernia","striolata","Reptilia","Squamata","Scincidae","Egernia striolata"
"Eleutherodactylus","coqui","Amphibia","Anura","Eleutherodactylidae","Eleutherodactylus coqui"
"Elgaria","coerulea","Reptilia","Squamata","Anguidae","Elgaria coerulea"
"Elgaria","multicarinata","Reptilia","Squamata","Anguidae","Elgaria multicarinata"
"Engraulis","japonicus","Actinopterygii","Clupeiformes","Engraulidae","Engraulis japonicus"
"Ensis","macha","Bivalvia","Veneroida","Solnoidea","Ensis macha"
"Eremias","argus","Reptilia","Squamata","Lacertidae","Eremias argus"
"Eremias","brenchleyi","Reptilia","Squamata","Lacertidae","Eremias brenchleyi"
"Eremias","multiocellata","Reptilia","Squamata","Lacertidae","Eremias multiocellata"
"Eremiascincus","fasciolatus","Reptilia","Squamata","Scincidae","Eremiascincus fasciolatus"
"Eremiascincus","richardsoni","Reptilia","Squamata","Scincidae","Eremiascincus richardsoni"
"Eucidaris","tribuloides","Echinoidea","Cidaroida","Cidaridae","Eucidaris tribuloides"
"Eulamprus","heatwolei","Reptilia","Squamata","Scincidae","Eulamprus heatwolei"
"Eulamprus","kosciuskoi","Reptilia","Squamata","Scincidae","Eulamprus kosciuskoi"
"Eulamprus","murrayi","Reptilia","Squamata","Scincidae","Eulamprus murrayi"
"Eulamprus","quoyii","Reptilia","Squamata","Scincidae","Eulamprus quoyii"
"Eulamprus","tenuis","Reptilia","Squamata","Scincidae","Eulamprus tenuis"
"Eulamprus","tympanum","Reptilia","Squamata","Scincidae","Eulamprus tympanum"
"Eurycea","bislineata","Amphibia","Caudata","Plethodontidae","Eurycea bislineata"
"Eurycea","longicauda","Amphibia","Caudata","Plethodontidae","Eurycea longicauda"
"Eurycea","lucifuga","Amphibia","Caudata","Plethodontidae","Eurycea lucifuga"
"Eurycea","multiplicata","Amphibia","Caudata","Plethodontidae","Eurycea multiplicata"
"Eurycea","nana","Amphibia","Caudata","Plethodontidae","Eurycea nana"
"Floridichthys","carpio","Actinopterygii","Cyprinodontiformes","Cyprinodontidae","Floridichthys carpio"
"Formica","neogagates","Insecta","Hymenoptera","Formicidae","Formica neogagates"
"Formica","obscuripes","Insecta","Hymenoptera","Formicidae","Formica obscuripes"
"Fundulus","parvipinnis","Actinopterygii","Cyprinodontiformes","Fundulidae","Fundulus parvipinnis"
"Gehyra","variegata","Reptilia","Squamata","Gekkonidae","Gehyra variegata"
"Gemma","gemma","Bivalvia","Veneroida","Veneridae","Gemma gemma"
"Glaphyromorphus","punctulatus","Reptilia","Squamata","Scincidae","Glaphyromorphus punctulatus"
"Gobius","cobitis","Actinopterygii","Perciformes","Gobiidae","Gobius cobitis"
"Gobius","niger","Actinopterygii","Perciformes","Gobiidae","Gobius niger"
"Gopherus","agassizii","Archelosauria","Testudines","Emydidae","Gopherus agassizii"
"Halichoeres","dispilus","Actinopterygii","Perciformes","Labridae","Halichoeres dispilus"
"Heloderma","suspectum","Lepidosauria","Squamata","Helodermatidae","Heloderma suspectum"
"Hemachatus","haemachatus","Reptilia","Squamata","Elapidae","Hemachatus haemachatus"
"Hemidactylus","frenatus","Reptilia","Squamata","Gekkonidae","Hemidactylus frenatus"
"Hemidactylus","turcicus","Reptilia","Squamata","Gekkonidae","Hemidactylus turcicus"
"Hemiergis","decresiensis","Reptilia","Squamata","Scincidae","Hemiergis decresiensis"
"Hemiergis","peroni","Reptilia","Squamata","Scincidae","Hemiergis peroni"
"Hemiergis","quadrilineatum","Reptilia","Squamata","Scincidae","Hemiergis quadrilineatum"
"Hemigrapsus","nudus","Malacostraca","Decapoda","Varunidae","Hemigrapsus nudus"
"Heteronotia","binoei","Reptilia","Squamata","Gekkonidae","Heteronotia binoei"
"Holbrookia","maculata","Reptilia","Squamata","Iguanidae","Holbrookia maculata"
"Hyla","aurea","Amphibia","Anura","Hylidae","Hyla aurea"
"Hyla","caerulea","Amphibia","Anura","Hylidae","Hyla caerulea"
"Hyla","chloris","Amphibia","Anura","Hylidae","Hyla chloris"
"Hyla","citropa","Amphibia","Anura","Hylidae","Hyla citropa"
"Hyla","lesueuri","Amphibia","Anura","Hylidae","Hyla lesueuri"
"Hyla","phyllochroa","Amphibia","Anura","Hylidae","Hyla phyllochroa"
"Hylarana","erythraea","Amphibia","Anura","Ranidae","Hylarana erythraea"
"Ischnochiton","australis","Polyplaclophora","Chitonida","Ischnochitonidae","Ischnochiton australis"
"Kaloula","kalingensis","Amphibia","Anura","Microhylidae","Kaloula kalingensis"
"Lacerta","agilis","Reptilia","Squamata","Lacertidae","Lacerta agilis"
"Lacerta","schreiberi","Reptilia","Squamata","Lacertidae","Lacerta schreiberi"
"Lampropeltis","zonata","Reptilia","Squamata","Colubridae","Lampropeltis zonata"
"Lampropholis","delicata","Reptilia","Squamata","Scincidae","Lampropholis delicata"
"Lampropholis","guichenoti","Reptilia","Squamata","Scincidae","Lampropholis guichenoti"
"Laternula","elliptica","Bivalvia","Pholadomyoida","Laternulidae","Laternula elliptica"
"Lepidodactylus","lugubris","Reptilia","Squamata","Gekkonidae","Lepidodactylus lugubris"
"Lepidophyma","flavimaculatum","Reptilia","Squamata","Xantusiidae","Lepidophyma flavimaculatum"
"Lerista","bougainvilli","Reptilia","Squamata","Scincidae","Lerista bougainvilli"
"Lerista","frosti","Reptilia","Squamata","Scincidae","Lerista frosti"
"Lerista","neander","Reptilia","Squamata","Scincidae","Lerista neander"
"Lerista","orientalis","Reptilia","Squamata","Scincidae","Lerista orientalis"
"Lerista","terdigitata","Reptilia","Squamata","Scincidae","Lerista terdigitata"
"Limatula","hodgsoni","Bivalvia","Limoida","Limidae","Limatula hodgsoni"
"Limnodynastes","dorsalis","Amphibia","Anura","Myobatrachidae","Limnodynastes dorsalis"
"Limnodynastes","fletcheri","Amphibia","Anura","Myobatrachidae","Limnodynastes fletcheri"
"Limnodynastes","tasmaniensis","Amphibia","Anura","Myobatrachidae","Limnodynastes tasmaniensis"
"Limnonectes","woodworthi","Amphibia","Anura","Dicroglossidae","Limnonectes woodworthi"
"Linepithema","humile","Insecta","Hymenoptera","Formicidae","Linepithema humile"
"Liocarcinus","marmoreus","Malacostraca","Decapoda","Portunidae","Liocarcinus marmoreus"
"Liolaemus","abaucan","Reptilia","Squamata","Iguanidae","Liolaemus abaucan"
"Liolaemus","albiceps","Reptilia","Squamata","Iguanidae","Liolaemus albiceps"
"Liolaemus","bibronii","Reptilia","Squamata","Iguanidae","Liolaemus bibronii"
"Liolaemus","boulengeri","Reptilia","Squamata","Iguanidae","Liolaemus boulengeri"
"Liolaemus","canqueli","Reptilia","Squamata","Iguanidae","Liolaemus canqueli"
"Liolaemus","capillitas","Reptilia","Squamata","Iguanidae","Liolaemus capillitas"
"Liolaemus","chacoensis","Reptilia","Squamata","Iguanidae","Liolaemus chacoensis"
"Liolaemus","cuyanus","Reptilia","Squamata","Iguanidae","Liolaemus cuyanus"
"Liolaemus","darwinii","Reptilia","Squamata","Iguanidae","Liolaemus darwinii"
"Liolaemus","dorbignyi","Reptilia","Squamata","Iguanidae","Liolaemus dorbignyi"
"Liolaemus","elongatus","Reptilia","Squamata","Iguanidae","Liolaemus elongatus"
"Liolaemus","fitzingerii","Reptilia","Squamata","Iguanidae","Liolaemus fitzingerii"
"Liolaemus","irregularis","Reptilia","Squamata","Iguanidae","Liolaemus irregularis"
"Liolaemus","kingii","Reptilia","Squamata","Iguanidae","Liolaemus kingii"
"Liolaemus","koslowskyi","Reptilia","Squamata","Iguanidae","Liolaemus koslowskyi"
"Liolaemus","kriegi","Reptilia","Squamata","Iguanidae","Liolaemus kriegi"
"Liolaemus","laurenti","Reptilia","Squamata","Iguanidae","Liolaemus laurenti"
"Liolaemus","melanops","Reptilia","Squamata","Iguanidae","Liolaemus melanops"
"Liolaemus","multicolor","Reptilia","Squamata","Iguanidae","Liolaemus multicolor"
"Liolaemus","multimaculatus","Reptilia","Squamata","Iguanidae","Liolaemus multimaculatus"
"Liolaemus","olongasta","Reptilia","Squamata","Iguanidae","Liolaemus olongasta"
"Liolaemus","petrophilus","Reptilia","Squamata","Iguanidae","Liolaemus petrophilus"
"Liolaemus","poecilochromus","Reptilia","Squamata","Iguanidae","Liolaemus poecilochromus"
"Liolaemus","pseudoanomalus","Reptilia","Squamata","Iguanidae","Liolaemus pseudoanomalus"
"Liolaemus","quilmes","Reptilia","Squamata","Iguanidae","Liolaemus quilmes"
"Liolaemus","riojanus","Reptilia","Squamata","Iguanidae","Liolaemus riojanus"
"Liolaemus","robertmertensi","Reptilia","Squamata","Iguanidae","Liolaemus robertmertensi"
"Liolaemus","rothi","Reptilia","Squamata","Iguanidae","Liolaemus rothi"
"Liolaemus","salinicola","Reptilia","Squamata","Iguanidae","Liolaemus salinicola"
"Liolaemus","scapularis","Reptilia","Squamata","Iguanidae","Liolaemus scapularis"
"Liolaemus","telsen","Reptilia","Squamata","Iguanidae","Liolaemus telsen"
"Liolaemus","xanthoviridis","Reptilia","Squamata","Iguanidae","Liolaemus xanthoviridis"
"Liothyrella","neozelanica","Rhynchonellata","Terebratulida","Terebratulidae","Liothyrella neozelanica"
"Liothyrella","uva","Articulata","Terebratulida","Terebratulidae","Liothyrella uva"
"Lipinia","pulchella","Reptilia","Squamata","Scincidae","Lipinia pulchella"
"Lipophrys","trigloides","Actinopterygii","Perciformes","Blenniidae","Lipophrys trigloides"
"Litoria","gracilenta","Amphibia","Anura","Hylidae","Litoria gracilenta"
"Littorina","littorea","Gastropoda","Neotaenioglossa","Littorinidae","Littorina littorea"
"Littorina","obtusata","Gastropoda","Neotaenioglossa","Littorinidae","Littorina obtusata"
"Littorina","saxatilis","Gastropoda","Neotaenioglossa","Littorinidae","Littorina saxatilis"
"Lophognathus","gilberti","Reptilia","Squamata","Agamidae","Lophognathus gilberti"
"Macoma","balthica","Bivalvia","Veneroida","Tellinidae","Macoma balthica"
"Malacoctenus","zonifer","Actinopterygii","Perciformes","Labrisomidae","Malacoctenus zonifer"
"Masticophis","lateralis","Reptilia","Squamata","Colubridae","Masticophis lateralis"
"Menidia","menidia","Actinopterygii","Atheriniformes","Atherinopsidae","Menidia menidia"
"Metacarcinus","magister","Malacostraca","Decapoda","Cancridae","Metacarcinus magister"
"Moloch","horridus","Reptilia","Squamata","Agamidae","Moloch horridus"
"Morethia","butleri","Reptilia","Squamata","Scincidae","Morethia butleri"
"Morethia","lineoocellata","Reptilia","Squamata","Scincidae","Morethia lineoocellata"
"Morethia","obscura","Reptilia","Squamata","Scincidae","Morethia obscura"
"Morethia","taeniopleura","Reptilia","Squamata","Scincidae","Morethia taeniopleura"
"Mulinia","lateralis","Bivalvia","Veneroida","Mactridae","Mulinia lateralis"
"Mya","arenaria","Bivalvia","Myoida","Myidae","Mya arenaria"
"Mytilus","edulis","Bivalvia","Mytiloida","Mytilidae","Mytilus edulis"
"Nacella","concinna","Gastropoda","Archaeogastropoda","Patellidae","Nacella concinna"
"Nannoscincus","maccoyi","Reptilia","Squamata","Scincidae","Nannoscincus maccoyi"
"Neobatrachus","pictus","Amphibia","Anura","Myobatrachidae","Neobatrachus pictus"
"Niveoscincus","coventryi","Reptilia","Squamata","Scincidae","Niveoscincus coventryi"
"Niveoscincus","metallicus","Reptilia","Squamata","Scincidae","Niveoscincus metallicus"
"Niveoscincus","ocellatus","Reptilia","Squamata","Scincidae","Niveoscincus ocellatus"
"Notechis","scutatus","Reptilia","Squamata","Elapidae","Notechis scutatus"
"Notophthalmus","viridescens","Amphibia","Caudata","Plethodontidae","Notophthalmus viridescens"
"Nucella","lapillus","Gastropoda","Archaeogastropoda","Muricidae","Nucella lapillus"
"Occidozyga","laevis","Amphibia","Anura","Dicroglossidae","Occidozyga laevis"
"Oedothorax","apicatus","Arachnida","Araneae","Linyphiidae","Oedothorax apicatus"
"Oncorhynchus","tshawytscha","Actinopterygii","Salmoniformes","Salmonidae","Oncorhynchus tshawytscha"
"Pachygrapsus","marmoratus","Malacostraca","Decapoda","Grapsidae","Pachygrapsus marmoratus"
"Parablennius","marmoreus","Actinopterygii","Perciformes","Blenniidae","Parablennius marmoreus"
"Pardosa","nigriceps","Arachnida","Araneae","Lycosidae","Pardosa nigriceps"
"Parvoscincus","decipiens","Reptilia","Squamata","Scincidae","Parvoscincus decipiens"
"Patiriella","brevispina","Asteroidae","Valvatida","Asterinidae","Patiriella brevispina"
"Pedioplanis","lineoocellata","Reptilia","Squamata","Lacertidae","Pedioplanis lineoocellata"
"Pegusa","lascaris","Actinopterygii","Pleuronectiformes","Soleidae","Pegusa lascaris"
"Periophthalmus","kalolo","Actinopterygii","Perciformes","Gobiidae","Periophthalmus kalolo"
"Petrolisthes","gracilis","Malacostraca","Decapoda","Porcellanidae","Petrolisthes gracilis"
"Petrolisthes","hirtipes","Malacostraca","Decapoda","Porcellanidae","Petrolisthes hirtipes"
"Petrosaurus","mearnsi","Reptilia","Squamata","Phrynosomatidae","Petrosaurus mearnsi"
"Philodromus","aureolus","Arachnida","Araneae","Philodromidae","Philodromus aureolus"
"Philoria","frosti","Amphibia","Anura","Myobatrachidae","Philoria frosti"
"Philoria","loveridgei","Amphibia","Anura","Myobatrachidae","Philoria loveridgei"
"Phrurolithus","festivus","Arachnida","Araneae","Corinnidae","Phrurolithus festivus"
"Phrynosoma","cornutum","Reptilia","Squamata","Phrynosomatidae","Phrynosoma cornutum"
"Phrynosoma","coronatum","Reptilia","Squamata","Phrynosomatidae","Phrynosoma coronatum"
"Phrynosoma","platyrhinos","Reptilia","Squamata","Phrynosomatidae","Phrynosoma platyrhinos"
"Phyllorhynchus","decurtatus","Reptilia","Squamata","Colubridae","Phyllorhynchus decurtatus"
"Phymaturus","antofagastensis","Reptilia","Squamata","Liolaemidae","Phymaturus antofagastensis"
"Phymaturus","dorsimaculatus","Reptilia","Squamata","Liolaemidae","Phymaturus dorsimaculatus"
"Phymaturus","indistinctus","Reptilia","Squamata","Liolaemidae","Phymaturus indistinctus"
"Phymaturus","palluma","Reptilia","Squamata","Liolaemidae","Phymaturus palluma"
"Phymaturus","patagonicus","Reptilia","Squamata","Liolaemidae","Phymaturus patagonicus"
"Phymaturus","somuncurensis","Reptilia","Squamata","Liolaemidae","Phymaturus somuncurensis"
"Phymaturus","tenebrosus","Reptilia","Squamata","Liolaemidae","Phymaturus tenebrosus"
"Phymaturus","zapalensis","Reptilia","Squamata","Liolaemidae","Phymaturus zapalensis"
"Pinoyscincus","abdictus","Reptilia","Squamata","Scincidae","Pinoyscincus abdictus"
"Pinoyscincus","jagori","Reptilia","Squamata","Scincidae","Pinoyscincus jagori"
"Pituophis","catenifer","Reptilia","Squamata","Colubridae","Pituophis catenifer"
"Plagiotremus","azaleus","Actinopterygii","Perciformes","Blenniidae","Plagiotremus azaleus"
"Platymantis","banahao","Amphibia","Anura","Ceratobatrachidae","Platymantis banahao"
"Platymantis","corrugatus","Amphibia","Anura","Ceratobatrachidae","Platymantis corrugatus"
"Platymantis","dorsalis","Amphibia","Anura","Ceratobatrachidae","Platymantis dorsalis"
"Platymantis","luzonensis","Amphibia","Anura","Ceratobatrachidae","Platymantis luzonensis"
"Platysaurus","intermedius","Reptilia","Squamata","Cordylidae","Platysaurus intermedius"
"Plestiodon","chinensis","Reptilia","Squamata","Scincidae","Plestiodon chinensis"
"Plestiodon","elegans","Reptilia","Squamata","Scincidae","Plestiodon elegans"
"Plestiodon","gilberti","Reptilia","Squamata","Scincidae","Plestiodon gilberti"
"Plestiodon","obsoletus","Reptilia","Squamata","Scincidae","Plestiodon obsoletus"
"Plestiodon","skiltonianus","Reptilia","Squamata","Scincidae","Plestiodon skiltonianus"
"Plethodon","glutinosus","Amphibia","Caudata","Plethodontidae","Plethodon glutinosus"
"Podarcis","bocagei","Reptilia","Squamata","Lacertidae","Podarcis bocagei"
"Podarcis","muralis","Reptilia","Squamata","Lacertidae","Podarcis muralis"
"Podarcis","tiliguerta","Reptilia","Squamata","Lacertidae","Podarcis tiliguerta"
"Pogonomyrmex","barbatus","Insecta","Hymenoptera","Formicidae","Pogonomyrmex barbatus"
"Pogonomyrmex","rugosus","Insecta","Hymenoptera","Formicidae","Pogonomyrmex rugosus"
"Prinerigone","vagans","Arachnida","Araneae","Linyphiidae","Prinerigone vagans"
"Proceratium","silaceum","Insecta","Hymenoptera","Formicidae","Proceratium silaceum"
"Protobothrops","mucrosquamatus","Reptilia","Squamata","Viperidae","Protobothrops mucrosquamatus"
"Protothaca","thaca","Bivalvia","Veneroida","Veneridae","Protothaca thaca"
"Psammodromus","algirus","Reptilia","Squamata","Lacertidae","Psammodromus algirus"
"Psammodromus","hispanicus","Reptilia","Squamata","Lacertidae","Psammodromus hispanicus"
"Pseudacris","cadaverina","Amphibia","Anura","Hylidae","Pseudacris cadaverina"
"Pseudacris","regilla","Amphibia","Anura","Hylidae","Pseudacris regilla"
"Pseudacris","triseriata","Amphibia","Anura","Hylidae","Pseudacris triseriata"
"Pseudechinus","huttoni","Echinoidea","Camarodonta","Temnopleuridae","Pseudechinus huttoni"
"Pseudemoia","entrecasteauxii","Reptilia","Squamata","Scincidae","Pseudemoia entrecasteauxii"
"Pseudemoia","spenceri","Reptilia","Squamata","Scincidae","Pseudemoia spenceri"
"Pseudonaja","textilis","Reptilia","Squamata","Elapidae","Pseudonaja textilis"
"Pseudophryne","corroboree","Amphibia","Anura","Myobatrachidae","Pseudophryne corroboree"
"Pseudophryne","dendyi","Amphibia","Anura","Myobatrachidae","Pseudophryne dendyi"
"Pseudotriton","ruber","Amphibia","Caudata","Plethodontidae","Pseudotriton ruber"
"Ptenopus","garrulus","Reptilia","Squamata","Gekkonidae","Ptenopus garrulus"
"Rana","cascadae","Amphibia","Anura","Ranidae","Rana cascadae"
"Rana","pretiosa","Amphibia","Anura","Ranidae","Rana pretiosa"
"Rankinia","diemensis","Reptilia","Squamata","Agamidae","Rankinia diemensis"
"Rhinocheilus","lecontei","Reptilia","Squamata","Colubridae","Rhinocheilus lecontei"
"Saiphos","equalis","Reptilia","Squamata","Scincidae","Saiphos equalis"
"Saproscincus","basiliscus","Reptilia","Squamata","Scincidae","Saproscincus basiliscus"
"Saproscincus","mustelina","Reptilia","Squamata","Scincidae","Saproscincus mustelina"
"Saproscincus","tetradactyla","Reptilia","Squamata","Scincidae","Saproscincus tetradactyla"
"Sceloporus","graciosus","Reptilia","Squamata","Phrynosomatidae","Sceloporus graciosus"
"Sceloporus","grammicus","Reptilia","Squamata","Phrynosomatidae","Sceloporus grammicus"
"Sceloporus","magister","Reptilia","Squamata","Phrynosomatidae","Sceloporus magister"
"Sceloporus","malachiticus","Reptilia","Squamata","Phrynosomatidae","Sceloporus malachiticus"
"Sceloporus","merriami","Reptilia","Squamata","Phrynosomatidae","Sceloporus merriami"
"Sceloporus","occidentalis","Reptilia","Squamata","Phrynosomatidae","Sceloporus occidentalis"
"Sceloporus","undulatus","Reptilia","Squamata","Phrynosomatidae","Sceloporus undulatus"
"Sceloporus","variabilis","Reptilia","Squamata","Phrynosomatidae","Sceloporus variabilis"
"Sceloporus","woodi","Reptilia","Squamata","Phrynosomatidae","Sceloporus woodi"
"Scelotes","gronovii","Reptilia","Squamata","Scincidae","Scelotes gronovii"
"Scotina","gracilipes","Arachnida","Araneae","Liocranidae","Scotina gracilipes"
"Semele","solida","Bivalvia","Veneroida","Samelidae","Semele solida"
"Spea","hammondii","Amphibia","Anura","Scaphiopodidae","Spea hammondii"
"Sphenomorphus","incognitus","Reptilia","Squamata","Scincidae","Sphenomorphus incognitus"
"Sphenomorphus","indicus","Reptilia","Squamata","Scincidae","Sphenomorphus indicus"
"Sphenomorphus","taiwanensis","Reptilia","Squamata","Scincidae","Sphenomorphus taiwanensis"
"Sphoeroides","maculatus","Actinopterygii","Tetraodontiformes","Tetradontidae","Sphoeroides maculatus"
"Spisula","subtruncata","Bivalvia","Veneroida","Mactridae","Spisula subtruncata"
"Stemonyphantes","lineatus","Arachnida","Araneae","Linyphiidae","Stemonyphantes lineatus"
"Sterechinus","neumayeri","Echinoidea","Echinoida","Echinidae","Sterechinus neumayeri"
"Storeria","occipitomaculata","Reptilia","Squamata","Colubridae","Storeria occipitomaculata"
"Takydromus","hsuehshanensis","Reptilia","Squamata","Lacertidae","Takydromus hsuehshanensis"
"Takydromus","septentrionalis","Reptilia","Squamata","Lacertidae","Takydromus septentrionalis"
"Takydromus","sexlineatus","Reptilia","Squamata","Lacertidae","Takydromus sexlineatus"
"Tautogolabrus","adspersus","Actinopterygii","Perciformes","Labridae","Tautogolabrus adspersus"
"Tellina","tenuis","Bivalvia","Veneroida","Tellinidae","Tellina tenuis"
"Testudo","hermanni","Archelosauria","Testudines","Testudinidae","Testudo hermanni"
"Tetramorium","caespitum","Insecta","Hymenoptera","Formicidae","Tetramorium caespitum"
"Thalassoma","lucasanum","Actinopterygii","Perciformes","Labridae","Thalassoma lucasanum"
"Thamnophis","elegans","Reptilia","Squamata","Colubridae","Thamnophis elegans"
"Thamnophis","ordinoides","Reptilia","Squamata","Colubridae","Thamnophis ordinoides"
"Thamnophis","sirtalis","Reptilia","Squamata","Colubridae","Thamnophis sirtalis"
"Tiliqua","nigrolutea","Reptilia","Squamata","Scincidae","Tiliqua nigrolutea"
"Tiliqua","rugosa","Reptilia","Squamata","Scincidae","Tiliqua rugosa"
"Tiliqua","scincoides","Reptilia","Squamata","Scincidae","Tiliqua scincoides"
"Tlalocohyla","smithii","Amphibia","Anura","Hylidae","Tlalocohyla smithii"
"Trachylepis","capensis","Reptilia","Squamata","Scincidae","Trachylepis capensis"
"Trachylepis","striata","Reptilia","Squamata","Scincidae","Trachylepis striata"
"Trachymyrmex","septentrionalis","Insecta","Hymenoptera","Formicidae","Trachymyrmex septentrionalis"
"Trapelus","savignii","Reptilia","Squamata","Agamidae","Trapelus savignii"
"Trematomus","bernacchii","Actinopterygii","Perciformes","Nototheniidae","Trematomus bernacchii"
"Trematomus","hansoni","Actinopterygii","Perciformes","Nototheniidae","Trematomus hansoni"
"Trimeresurus","gracilis","Reptilia","Squamata","Viperidae","Trimeresurus gracilis"
"Trimeresurus","stejnegeri","Reptilia","Squamata","Viperidae","Trimeresurus stejnegeri"
"Tropidophorus","queenslandiae","Reptilia","Squamata","Scincidae","Tropidophorus queenslandiae"
"Typhlacontias","brevipes","Reptilia","Squamata","Scincidae","Typhlacontias brevipes"
"Uma","inornata","Reptilia","Squamata","Phrynosomatidae","Uma inornata"
"Urosaurus","ornatus","Reptilia","Squamata","Phrynosomatidae","Urosaurus ornatus"
"Uta","stansburiana","Reptilia","Squamata","Phrynosomatidae","Uta stansburiana"
"Varanus","gouldii","Reptilia","Squamata","Varanidae","Varanus gouldii"
"Varanus","varius","Reptilia","Squamata","Varanidae","Varanus varius"
"Xantho","incisus","Malacostraca","Decapoda","Xanthidae","Xantho incisus"
"Xantusia","henshawi","Reptilia","Squamata","Xantusiidae","Xantusia henshawi"
"Xantusia","vigilis","Reptilia","Squamata","Xantusiidae","Xantusia vigilis"
"Zoarces","viviparus","Actinopterygii","Perciformes","Zoarcidae","Zoarces viviparus"
"Zootoca","vivipara","Reptilia","Squamata","Lacertidae","Zootoca vivipara"
