"binomial","acc_name"
"Acris crepitans","Acris crepitans"
"Adelotus brevis","Adelotus brevis"
"Agkistrodon contortrix","Agkistrodon contortrix"
"Ambystoma jeffersonianum","Ambystoma jeffersonianum"
"Ambystoma macrodactylum","Ambystoma macrodactylum"
"Ambystoma maculatum","Ambystoma maculatum"
"Ameiurus melas","Ameiurus melas"
"Ameiurus natalis","Ameiurus natalis"
"Anax junius","Anax junius"
"Anaxyrus compactilis","Anaxyrus compactilis"
"Anniella pulchra","Anniella pulchra"
"Anolis carolinensis","Anolis carolinensis"
"Anolis cooki","Anolis cooki"
"Anolis cristatellus","Anolis cristatellus"
"Anolis cybotes","Anolis cybotes"
"Anolis distichus","Anolis distichus"
"Anolis evermanni","Anolis evermanni"
"Anolis gundlachi","Anolis gundlachi"
"Anolis krugi","Anolis krugi"
"Anolis lemurinus","Anolis lemurinus"
"Anolis pentaprion","Anolis pentaprion"
"Anolis pulchellus","Anolis pulchellus"
"Anolis sagrei","Anolis sagrei"
"Anolis stratulus","Anolis stratulus"
"Anoplolepis gracilipes","Anoplolepis gracilipes"
"Apalone ferox","Apalone ferox"
"Apogon novemfasciatus","Apogon novemfasciatus"
"Ascidia ceratodes","Ascidia ceratodes"
"Atherinops affinis","Atherinops affinis"
"Austrelaps superbus","Austrelaps superbus"
"Bufo alvarius","Incilius alvarius"
"Bufo boreas","Anaxyrus boreas"
"Bufo canaliferus","Incilius canaliferus"
"Bufo canorus","Anaxyrus canorus"
"Bufo cognatus","Anaxyrus cognatus"
"Bufo debilis","Anaxyrus debilis"
"Bufo exsul","Anaxyrus exsul"
"Bufo luetkenii","Incilius luetkenii"
"Bufo marinus","Rhinella marina"
"Bufo marmoreus","Incilius marmoreus"
"Bufo mazatlanensis","Incilius mazatlanensis"
"Bufo nelsoni","Anaxyrus nelsoni"
"Bufo woodhousii_fowleri","Anaxyrus fowleri"
"Camponotus chromaiodes","Camponotus chromaiodes"
"Camponotus novaeboracensis","Camponotus novaeboracensis"
"Carcinus maenas","Carcinus maenas"
"Carpiodes cyprinus","Carpiodes cyprinus"
"Catostomus clarkii","Catostomus clarkii"
"Catostomus commersoni","Catostomus commersonii"
"Cerastoderma edule","Cerastoderma edule"
"Chamaeleo bitaeniatus","Trioceros bitaeniatus"
"Chamaeleo ellioti","Trioceros ellioti"
"Chamaeleo hoehnelii","Trioceros hoehnelii"
"Chamaeleo jacksonii","Trioceros jacksonii"
"Chamaeleo schubotzi","Trioceros schubotzi"
"Charina bottae","Charina bottae"
"Chionactis occipitalis","Chionactis occipitalis"
"Chondrodactylus bibronii","Chondrodactylus bibronii"
"Cnemidophorus sexlineatus","Cnemidophorus sexlineatus"
"Coleonyx brevis","Coleonyx brevis"
"Coleonyx variegatus","Coleonyx variegatus"
"Cophosaurus texanus","Cophosaurus texanus"
"Cordylus cordylus","Cordylus cordylus"
"Cottus bairdi","Cottus bairdi"
"Cottus cognatus","Cottus cognatus"
"Crangon crangon","Crangon crangon"
"Cranopsis coccifer","Incilius coccifer"
"Craugastor fitzingeri","Craugastor fitzingeri"
"Craugastor fleischmanni","Craugastor fleischmanni"
"Crinia darlingtoni","Assa darlingtoni"
"Crinia laevis","Geocrinia laevis"
"Crinia signifera","Crinia signifera"
"Crinia victoriana","Geocrinia victoriana"
"Crotalus atrox","Crotalus atrox"
"Crotalus scutulatus","Crotalus scutulatus"
"Crotalus viridis","Crotalus viridis"
"Crotaphytus collaris","Crotaphytus collaris"
"Cyclorana alboguttatus","Ranoidea alboguttata"
"Cyclorana brevipes","Ranoidea brevipes"
"Cyprinella lutrensis","Cyprinella lutrensis"
"Cyprinella spiloptera","Cyprinella spiloptera"
"Dascyllus aruanus","Dascyllus aruanus"
"Dendrobates auratus","Dendrobates auratus"
"Desmognathus fuscus","Desmognathus fuscus"
"Desmognathus ochrophaeus","Desmognathus ochrophaeus"
"Desmognathus quadramaculatus","Desmognathus quadramaculatus"
"Dicentrarchus labrax","Dicentrarchus labrax"
"Diplodus sargus","Diplodus sargus"
"Dipsosaurus dorsalis","Dipsosaurus dorsalis"
"Drosophila guttifera","Drosophila guttifera"
"Echinometra lucunter","Echinometra lucunter"
"Elgaria coerulea","Elgaria coerulea"
"Elgaria multicarinata","Elgaria multicarinata"
"Engraulis japonicus","Engraulis japonicus"
"Engystomops pustulosus","Engystomops pustulosus"
"Epigomphus quadracies","Epigomphus quadrices"
"Ericymba buccata","Notropis buccatus"
"Etheostoma caeruleum","Etheostoma caeruleum"
"Etheostoma cragini","Etheostoma cragini"
"Etheostoma nigrum","Etheostoma nigrum"
"Etheostoma spectabile","Etheostoma spectabile"
"Eucidaris tribuloides","Eucidaris tribuloides"
"Eucinostomus gracilis","Eucinostomus gracilis"
"Eurycea bislineata","Eurycea bislineata"
"Eurycea longicauda","Eurycea longicauda"
"Eurycea lucifuga","Eurycea lucifuga"
"Eurycea multiplicata","Eurycea multiplicata"
"Eurycea nana","Eurycea nana"
"Fundulus heteroclitus","Fundulus heteroclitus"
"Gambusia affinis","Gambusia affinis"
"Gambusia holbrooki","Gambusia affinis"
"Gasterosteus aculeatus","Gasterosteus aculeatus"
"Gemma gemma","Gemma gemma"
"Gila bicolor_mohavensis","Siphateles bicolor mohavensis"
"Gila intermedia","Gila intermedia"
"Gopherus agassizii","Gopherus agassizii"
"Halichoeres dispilus","Halichoeres dispilus"
"Hemachatus haemachatus","Hemachatus haemachatus"
"Hippolyte obliquimanus","Hippolyte obliquimanus"
"Hoplodactylus maculatus","Woodworthia maculatus"
"Hyalinobatrachium fleischmanni","Hyalinobatrachium fleischmanni"
"Hybopsis amblops","Hybopsis amblops"
"Hyla aurea","Ranoidea aurea"
"Hyla bicolor","Phyllomedusa bicolor"
"Hyla caerulea","Ranoidea caerulea"
"Hyla chloris","Ranoidea chloris"
"Hyla cinerea","Dryophytes cinereus"
"Hyla citropa","Ranoidea citropa"
"Hyla ewingi","Litoria ewingii"
"Hyla freycineti","Litoria freycineti"
"Hyla glauerti","Litoria fallax"
"Hyla gracilenta","Ranoidea gracilenta"
"Hyla gratiosa","Dryophytes gratiosus"
"Hyla labialis","Dendropsophus molitor"
"Hyla lesueuri","Ranoidea lesueurii"
"Hyla peroni","Litoria peronii"
"Hyla phaeota","Smilisca phaeota"
"Hyla phyllochroa","Ranoidea phyllochroa"
"Hyla regilla","Pseudacris regilla"
"Hyla rothi","Litoria rothii"
"Hyla rubella","Litoria rubella"
"Hyla squirella","Dryophytes squirellus"
"Hyla verreauxi","Litoria verreauxii"
"Hyla walkeri","Dryophytes walkeri"
"Hylarana erythraea","Hylarana erythraea"
"Hylarana luzonensis","Sanguirana luzonensis"
"Hypomesus nipponensis","Hypomesus nipponensis"
"Hypomesus transpacificus","Hypomesus transpacificus"
"Ictalurus punctatus","Ictalurus punctatus"
"Kaloula kalingensis","Kaloula kalingensis"
"Lampropeltis getulus","Lampropeltis getula"
"Lampropeltis zonata","Lampropeltis zonata"
"Lepidophyma flavimaculatum","Lepidophyma flavimaculatum"
"Lepomis cyanellus","Lepomis cyanellus"
"Lepomis gibbosus","Lepomis gibbosus"
"Lepomis gulosus","Lepomis gulosus"
"Lepomis macrochirus","Lepomis macrochirus"
"Leptodactylus pentadactylus","Leptodactylus pentadactylus"
"Limnodynastes dorsalis","Limnodynastes dorsalis"
"Limnodynastes fletcheri","Limnodynastes fletcheri"
"Limnodynastes peroni","Limnodynastes peroni"
"Limnodynastes tasmaniensis","Limnodynastes tasmaniensis"
"Limnonectes woodworthi","Limnonectes woodworthi"
"Linepithema humile","Linepithema humile"
"Liolaemus fitzingerii","Liolaemus fitzingerii"
"Liolaemus kriegi","Liolaemus kriegi"
"Lipophrys trigloides","Lipophrys trigloides"
"Litoria gracilenta","Ranoidea gracilenta"
"Littorina obtusata","Littorina obtusata"
"Littorina saxatilis","Littorina saxatilis"
"Liza ramada","Liza ramado"
"Lumbriculus variegatus","Lumbriculus variegatus"
"Luxilus chrysocephalus","Luxilus chrysocephalus"
"Luxilus cornutus","Luxilus cornutus"
"Luxilus zonatus","Luxilus zonatus"
"Lythrurus umbratilis","Lythrurus umbratilis"
"Macrobrachium acanthurus","Macrobrachium acanthurus"
"Macromia taeniolata","Macromia taeniolata"
"Masticophis anthonyi","Coluber anthonyi"
"Masticophis lateralis","Coluber lateralis"
"Menidia beryllina","Menidia beryllina"
"Menidia menidia","Menidia menidia"
"Micropterus dolomieu","Micropterus dolomieu"
"Micropterus salmoides","Micropterus salmoides"
"Misumenops asperatus","Mecaphesa asperata"
"Mugil curema","Mugil curema"
"Neobatrachus pictus","Neobatrachus pictus"
"Niveoscincus metallicus","Niveoscincus metallicus"
"Notechis scutatus","Notechis scutatus"
"Notemigonus crysoleucas","Notemigonus crysoleucas"
"Notophthalmus viridescens","Notophthalmus viridescens"
"Notropis dorsalis","Hybopsis dorsalis"
"Notropis nubilus","Notropis nubilus"
"Notropis pilsbryi","Luxilus pilsbryi"
"Notropis stramineus","Notropis stramineus"
"Nucella lapillus","Nucella lapillus"
"Occidozyga laevis","Occidozyga laevis"
"Odontaster validus","Odontaster validus"
"Oncorhynchus apache","Oncorhynchus apache"
"Oncorhynchus clarkii","Oncorhynchus clarkii"
"Oncorhynchus gilae","Oncorhynchus gilae"
"Orconectes rusticus","Faxonius rusticus"
"Paa spinosa","Quasipaa spinosa"
"Pachymedusa dacnicolor","Agalychnis dacnicolor"
"Pacifastacus leniusculus","Pacifastacus leniusculus"
"Palaemon elegans","Palaemon elegans"
"Palaemon longirostris","Palaemon longirostris"
"Palaemon northropi","Palaemon northropi"
"Parablennius marmoreus","Parablennius marmoreus"
"Patiriella brevispina","Meridiastra gunnii"
"Pegusa lascaris","Pegusa lascaris"
"Petrosaurus mearnsi","Petrosaurus mearnsi"
"Philautus surdus","Philautus surdus"
"Philoria loveridgei","Philoria loveridgei"
"Phoxinus erythrogaster","Chrosomus erythrogaster"
"Phrynosoma cornutum","Phrynosoma cornutum"
"Phrynosoma coronatum","Phrynosoma coronatum"
"Phrynosoma douglassii","Phrynosoma douglasii"
"Phyllorhynchus decurtatus","Phyllorhynchus decurtatus"
"Pituophis catenifer","Pituophis catenifer"
"Plagiotremus azaleus","Plagiotremus azaleus"
"Platichthys flesus","Platichthys flesus"
"Platymantis corrugatus","Platymantis corrugatus"
"Platymantis dorsalis","Platymantis dorsalis"
"Plethodon glutinosus","Plethodon glutinosus"
"Poecilia sphenops","Poecilia sphenops"
"Poeciliopsis occidentalis","Poeciliopsis occidentalis"
"Procambarus clarki","Procambarus clarki"
"Prochilodus scrofa","Prochilodus lineatus"
"Protobothrops mucrosquamatus","Protobothrops mucrosquamatus"
"Protothaca thaca","Protothaca thaca"
"Pseudacris cadaverina","Pseudacris cadaverina"
"Pseudacris regilla","Pseudacris regilla"
"Pseudacris triseriata","Pseudacris triseriata"
"Pseudechis porphyriacus","Pseudechis porphyriacus"
"Pseudonaja textilis","Pseudonaja textilis"
"Pseudophryne bibroni","Pseudophryne bibroni"
"Pseudophryne corroboree","Pseudophryne corroboree"
"Pseudophryne dendyi","Pseudophryne dendyi"
"Pseudopleuronectes americanus","Pseudopleuronectes americanus"
"Pseudotriton ruber","Pseudotriton ruber"
"Pternohyla fodiens","Smilisca fodiens"
"Rana cascadae","Rana cascadae"
"Rana catesbeiana","Lithobates catesbeianus"
"Rana clamitans","Lithobates clamitans"
"Rana palmipes","Lithobates palmipes"
"Rana palustris","Lithobates palustris"
"Rana pipiens","Lithobates pipiens"
"Rana pretiosa","Rana pretiosa"
"Rana virgatipes","Lithobates virgatipes"
"Rana warszewitschii","Lithobates warszewitschii"
"Regina alleni","Liodytes alleni"
"Retropinna retropinna","Retropinna retropinna"
"Rhinichthys atratulus","Rhinichthys atratulus"
"Rhinichthys cobitis","Rhinichthys cobitis"
"Rhinocheilus lecontei","Rhinocheilus lecontei"
"Rivulus marmoratus","Rivulus marmoratus"
"Sauromalus obesus","Sauromalus ater"
"Sceloporus undulatus","Sceloporus undulatus"
"Scinax staufferi","Scinax staufferi"
"Semibalanus balanoides","Semibalanus balanoides"
"Smilisca baudini","Smilisca baudini"
"Solenopsis invicta","Solenopsis invicta"
"Spea hammondii","Spea hammondii"
"Sphaerodactylus gaigeae","Sphaerodactylus gaigeae"
"Sphoeroides maculatus","Sphoeroides maculatus"
"Stegastes acapulcoensis","Stegastes acapulcoensis"
"Storeria occipitomaculata","Storeria occipitomaculata"
"Suta flagellum","Parasuta flagellum"
"Tautogolabrus adspersus","Tautogolabrus adspersus"
"Tectura testudinalis","Tectura testudinalis"
"Tellina tenuis","Tellina tenuis"
"Thalassoma lucasanum","Thalassoma lucasanum"
"Thamnophis butleri","Thamnophis butleri"
"Thamnophis elegans","Thamnophis elegans"
"Thamnophis melanogaster","Thamnophis melanogaster"
"Thamnophis ordinoides","Thamnophis ordinoides"
"Thamnophis radix","Thamnophis radix"
"Thamnophis sirtalis","Thamnophis sirtalis"
"Tlalocohyla smithii","Tlalocohyla smithii"
"Trachemys scripta","Trachemys scripta"
"Urosaurus ornatus","Urosaurus ornatus"
"Uta stansburiana","Uta stansburiana"
"Xantusia henshawi","Xantusia henshawi"
"Xantusia riversiana","Xantusia riversiana"
"Xantusia vigilis","Xantusia vigilis"
"Abra tenuis","Abra tenuis"
"Agosia chrysogaster","Agosia chrysogaster"
"Agroeca proxima","Agroeca proxima"
"Alosa pseudoharengus","Alosa pseudoharengus"
"Amblyopone pallipes","Amblyopone pallipes"
"Ameiva festiva","Ameiva festiva"
"Amphibolurus muricatus","Amphibolurus muricatus"
"Anguilla australis","Anguilla australis"
"Anguilla dieffenbachii","Anguilla dieffenbachii"
"Anolis auratus","Anolis auratus"
"Anolis barbouri","Anolis barbouri"
"Anolis cupreus","Anolis cupreus"
"Anolis frenatus","Anolis frenatus"
"Anolis humilis","Anolis humilis"
"Anolis intermedius","Anolis intermedius"
"Anolis limifrons","Anolis limifrons"
"Anolis lionotus","Anolis lionotus"
"Anolis marcanoi","Anolis marcanoi"
"Anolis oculatus","Anolis oculatus"
"Anolis roquet","Anolis roquet"
"Anolis semilineatus","Anolis semilineatus"
"Anolis shrevei","Anolis shrevei"
"Anolis tropidogaster","Anolis tropidogaster"
"Anolis tropidolepis","Anolis tropidolepis"
"Apeltes quadracus","Apeltes quadracus"
"Aphaenogaster fulva","Aphaenogaster fulva"
"Aphaenogaster lamellidens","Aphaenogaster lamellidens"
"Apogon dovii","Apogon dovii"
"Arizona elegans","Arizona elegans"
"Armadillidium vulgare","Armadillidium vulgare"
"Balanus crenatus","Balanus crenatus"
"Basiliscus vittatus","Basiliscus vittatus"
"Bathygobius fuscus","Bathygobius fuscus"
"Bathygobius ramosus","Bathygobius ramosus"
"Bathygobius soporator","Bathygobius soporator"
"Boreogadus saida","Boreogadus saida"
"Bugula californica","Bugula californica"
"Calathus melanocephalus","Calathus melanocephalus"
"Camponotus castaneus","Camponotus castaneus"
"Camponotus cruentatus","Camponotus cruentatus"
"Camponotus detritus","Camponotus detritus"
"Camponotus foreli","Camponotus foreli"
"Camponotus herculeanus","Camponotus herculeanus"
"Camponotus pennsylvanicus","Camponotus pennsylvanicus"
"Camponotus sylvaticus","Camponotus sylvaticus"
"Campostoma anomalum","Campostoma anomalum"
"Cataglyphis bicolor","Cataglyphis bicolor"
"Cataglyphis cursor","Cataglyphis cursor"
"Cataulacus horridus","Cataulacus horridus"
"Catostomus snyderi","Catostomus snyderi"
"Chamaeleo dilepis","Chamaeleo dilepis"
"Chasmistes brevirostris","Chasmistes brevirostris"
"Cheimarrichthys fosteri","Cheimarrichthys fosteri"
"Chondrodactylus angulifer","Chondrodactylus angulifer"
"Chromis atrilobata","Chromis atrilobata"
"Chrysemys picta","Chrysemys picta"
"Chrysomela aeneicollis","Chrysomela aeneicollis"
"Cirrhitichthys oxycephalus","Cirrhitichthys oxycephalus"
"Clinocottus globiceps","Clinocottus globiceps"
"Clubiona diversa","Clubiona diversa"
"Clubiona similis","Clubiona similis"
"Clubiona trivialis","Clubiona trivialis"
"Clupea harengus","Clupea harengus"
"Cnemidophorus tigris","Cnemidophorus tigris"
"Coluber constrictor","Coluber constrictor"
"Cophixalus aenigma","Cophixalus aenigma"
"Cophixalus bombiens","Cophixalus bombiens"
"Cophixalus exiguus","Cophixalus exiguus"
"Cophixalus hosmeri","Cophixalus hosmeri"
"Cophixalus mcdonaldi","Cophixalus mcdonaldi"
"Cophixalus neglectus","Cophixalus neglectus"
"Coptotermes formosanus","Coptotermes formosanus"
"Cordylus niger","Cordylus niger"
"Cordylus oelofseni","Cordylus oelofseni"
"Coryphopterus urospilus","Coryphopterus urospilus"
"Crematogaster lineolata","Crematogaster lineolata"
"Crotalus cerastes","Crotalus cerastes"
"Crustulina guttata","Crustulina guttata"
"Cryptopygus cisantarcticus","Cryptopygus cisantarcticus"
"Ctenophorus cristatus","Ctenophorus cristatus"
"Ctenophorus decresii","Ctenophorus decresii"
"Ctenophorus fordi","Ctenophorus fordi"
"Ctenophorus maculosus","Ctenophorus maculosus"
"Ctenophorus nuchalis","Ctenophorus nuchalis"
"Ctenophorus pictus","Ctenophorus pictus"
"Ctenophorus reticulatus","Ctenophorus reticulatus"
"Cucujus clavipes","Cucujus clavipes"
"Cyprinodon artifrons","Cyprinodon artifrons"
"Cyprinodon dearborni","Cyprinodon dearborni"
"Cyprinodon macularius","Cyprinodon macularius"
"Cyprinodon nevadensis_amargosae","Cyprinodon nevadensis_amargosae"
"Cyprinodon variegatus","Cyprinodon variegatus"
"Cyrtodactylus philippinicus","Cyrtodactylus philippinicus"
"Dasyatis sabina","Dasyatis sabina"
"Diplodus bellottii","Diplodus bellottii"
"Diplodus vulgaris","Diplodus vulgaris"
"Distaplia occidentalis","Distaplia occidentalis"
"Dolichoderus beccarii","Dolichoderus beccarii"
"Dolichoderus cuspidatus","Dolichoderus cuspidatus"
"Drosophila bizonata","Drosophila bizonata"
"Drosophila immigrans","Drosophila immigrans"
"Drosophila putrida","Drosophila putrida"
"Drosophila recens","Drosophila recens"
"Eleutherodactylus coqui","Eleutherodactylus coqui"
"Erythemis credula","Erythemis credula"
"Erythemis plebeja","Erythemis plebeja"
"Etheostoma blennioides","Etheostoma blennioides"
"Euophrys frontalis","Euophrys frontalis"
"Eurypanopeus abbreviatus","Eurypanopeus abbreviatus"
"Floridichthys carpio","Floridichthys carpio"
"Formica aserva","Formica aserva"
"Formica neogagates","Formica neogagates"
"Formica obscuripes","Formica obscuripes"
"Formica pallidefulva","Formica pallidefulva"
"Formica pergandei","Formica pergandei"
"Formica perpilosa","Formica perpilosa"
"Formica podzolica","Formica podzolica"
"Formica polyctena","Formica polyctena"
"Formica sanguinea","Formica sanguinea"
"Formica subsericea","Formica subsericea"
"Fundulus notatus","Fundulus notatus"
"Fundulus olivaceus","Fundulus olivaceus"
"Fundulus parvipinnis","Fundulus parvipinnis"
"Fundulus sciadicus","Fundulus sciadicus"
"Galaxias fasciatus","Galaxias fasciatus"
"Galaxias maculatus","Galaxias maculatus"
"Gambelia wislizenii","Gambelia wislizenii"
"Gambusia yucatana","Gambusia yucatana"
"Gehyra variegata","Gehyra variegata"
"Gibbula cineraria","Gibbula cineraria"
"Gila coerulea","Gila coerulea"
"Gila elegans","Gila elegans"
"Gila robusta","Gila robusta"
"Gillichthys mirabilis","Gillichthys mirabilis"
"Girella nigricans","Girella nigricans"
"Gobiesox strumosus","Gobiesox strumosus"
"Gobius cobitis","Gobius cobitis"
"Gobius niger","Gobius niger"
"Gobius paganellus","Gobius paganellus"
"Haemulon steindachneri","Haemulon steindachneri"
"Halozetes belgicae","Halozetes belgicae"
"Halozetes fulvus","Halozetes fulvus"
"Halozetes marinus","Halozetes marinus"
"Halozetes marionensis","Halozetes marionensis"
"Heloderma suspectum","Heloderma suspectum"
"Hemidactylus frenatus","Hemidactylus frenatus"
"Hemidactylus turcicus","Hemidactylus turcicus"
"Hemigrapsus nudus","Hemigrapsus nudus"
"Heteronotia binoei","Heteronotia binoei"
"Holbrookia maculata","Holbrookia maculata"
"Hybognathus placitus","Hybognathus placitus"
"Hypentelium nigricans","Hypentelium nigricans"
"Ictiobus bubalus","Ictiobus bubalus"
"Kuhlia sandvicensis","Kuhlia sandvicensis"
"Labidesthes sicculus","Labidesthes sicculus"
"Lampropholis delicata","Lampropholis delicata"
"Lasius alienus","Lasius alienus"
"Lasius fallax","Lasius fallax"
"Lasius nearcticus","Lasius nearcticus"
"Lepidodactylus lugubris","Lepidodactylus lugubris"
"Lepomis humilis","Lepomis humilis"
"Lepomis megalotis","Lepomis megalotis"
"Lepomis microlophus","Lepomis microlophus"
"Leptocottus armatus","Leptocottus armatus"
"Limnodynastes Salmini","Limnodynastes Salmini"
"Liolaemus abaucan","Liolaemus abaucan"
"Liolaemus albiceps","Liolaemus albiceps"
"Liolaemus alticolor","Liolaemus alticolor"
"Liolaemus bibronii","Liolaemus bibronii"
"Liolaemus boulengeri","Liolaemus boulengeri"
"Liolaemus canqueli","Liolaemus canqueli"
"Liolaemus capillitas","Liolaemus capillitas"
"Liolaemus chacoensis","Liolaemus chacoensis"
"Liolaemus chiliensis","Liolaemus chiliensis"
"Liolaemus constanzae","Liolaemus constanzae"
"Liolaemus curis","Liolaemus curis"
"Liolaemus cuyanus","Liolaemus cuyanus"
"Liolaemus cyanogaster","Liolaemus cyanogaster"
"Liolaemus darwinii","Liolaemus darwinii"
"Liolaemus dorbignyi","Liolaemus dorbignyi"
"Liolaemus eleodori","Liolaemus eleodori"
"Liolaemus elongatus","Liolaemus elongatus"
"Liolaemus fabiani","Liolaemus fabiani"
"Liolaemus fitzgeraldi","Liolaemus fitzgeraldi"
"Liolaemus fuscus","Liolaemus fuscus"
"Liolaemus hellmichi","Liolaemus hellmichi"
"Liolaemus irregularis","Liolaemus irregularis"
"Liolaemus jamesi","Liolaemus jamesi"
"Liolaemus kingii","Liolaemus kingii"
"Liolaemus koslowskyi","Liolaemus koslowskyi"
"Liolaemus laurenti","Liolaemus laurenti"
"Liolaemus lemniscatus","Liolaemus lemniscatus"
"Liolaemus leopardinus","Liolaemus leopardinus"
"Liolaemus lorenzmuelleri","Liolaemus lorenzmuelleri"
"Liolaemus melanops","Liolaemus melanops"
"Liolaemus monticola","Liolaemus monticola"
"Liolaemus multicolor","Liolaemus multicolor"
"Liolaemus multimaculatus","Liolaemus multimaculatus"
"Liolaemus nigromaculatus","Liolaemus nigromaculatus"
"Liolaemus nigroviridis","Liolaemus nigroviridis"
"Liolaemus nitidus","Liolaemus nitidus"
"Liolaemus olongasta","Liolaemus olongasta"
"Liolaemus ornatus","Liolaemus ornatus"
"Liolaemus petrophilus","Liolaemus petrophilus"
"Liolaemus pictus","Liolaemus pictus"
"Liolaemus platei","Liolaemus platei"
"Liolaemus poecilochromus","Liolaemus poecilochromus"
"Liolaemus pseudoanomalus","Liolaemus pseudoanomalus"
"Liolaemus pseudolemniscatus","Liolaemus pseudolemniscatus"
"Liolaemus quilmes","Liolaemus quilmes"
"Liolaemus riojanus","Liolaemus riojanus"
"Liolaemus robertmertensi","Liolaemus robertmertensi"
"Liolaemus rothi","Liolaemus rothi"
"Liolaemus salinicola","Liolaemus salinicola"
"Liolaemus scapularis","Liolaemus scapularis"
"Liolaemus schroederi","Liolaemus schroederi"
"Liolaemus telsen","Liolaemus telsen"
"Liolaemus tenuis","Liolaemus tenuis"
"Liolaemus vallecurensis","Liolaemus vallecurensis"
"Liolaemus walkeri","Liolaemus walkeri"
"Liolaemus xanthoviridis","Liolaemus xanthoviridis"
"Liothyrella neozelanica","Liothyrella neozelanica"
"Littorina littorea","Littorina littorea"
"Lophognathus gilberti","Lophognathus gilberti"
"Lucania parva","Lucania parva"
"Lutjanus guttatus","Lutjanus guttatus"
"Macoma balthica","Macoma balthica"
"Malacoctenus zonifer","Malacoctenus zonifer"
"Meda fulgida","Meda fulgida"
"Melophorus bagoti","Melophorus bagoti"
"Menippe nodifrons","Menippe nodifrons"
"Messor arenarius","Messor arenarius"
"Messor bouvieri","Messor bouvieri"
"Messor capitatus","Messor capitatus"
"Messor denticornis","Messor denticornis"
"Miathyria marcella","Miathyria marcella"
"Micrathyria aequalis","Micrathyria aequalis"
"Micrathyria eximia","Micrathyria eximia"
"Micrathyria ocellata","Micrathyria ocellata"
"Micropterus punctulatus","Micropterus punctulatus"
"Misumenoides formosipes","Misumenoides formosipes"
"Moloch horridus","Moloch horridus"
"Monomorium alamarum","Monomorium alamarum"
"Monomorium floricola","Monomorium floricola"
"Monomorium minimum","Monomorium minimum"
"Monomorium pharaonis","Monomorium pharaonis"
"Monomorium vatranum","Monomorium vatranum"
"Monomorium viator","Monomorium viator"
"Mulinia lateralis","Mulinia lateralis"
"Mullus barbatus","Mullus barbatus"
"Mullus surmuletus","Mullus surmuletus"
"Mya arenaria","Mya arenaria"
"Myrmecina americana","Myrmecina americana"
"Myrmecocystus depilis","Myrmecocystus depilis"
"Myrmecocystus mexican","Myrmecocystus mexican"
"Myrmecocystus mimicus","Myrmecocystus mimicus"
"Myrmecocystus romainei","Myrmecocystus romainei"
"Myrmica punctiventris","Myrmica punctiventris"
"Myro kerguelenensis","Myro kerguelenensis"
"Mytilus edulis","Mytilus edulis"
"Nocomis biguttatus","Nocomis biguttatus"
"Notropis atherinoides","Notropis atherinoides"
"Notropis cummingsae","Notropis cummingsae"
"Notropis girardi","Notropis girardi"
"Notropis lutipinnis","Notropis lutipinnis"
"Notropis rubellus","Notropis rubellus"
"Noturus exilis","Noturus exilis"
"Ocymyrmex barbiger","Ocymyrmex barbiger"
"Ocymyrmex velox","Ocymyrmex velox"
"Oedothorax apicatus","Oedothorax apicatus"
"Oligocottus maculosus","Oligocottus maculosus"
"Oncorhynchus keta","Oncorhynchus keta"
"Oncorhynchus kisutch","Oncorhynchus kisutch"
"Oncorhynchus nerka","Oncorhynchus nerka"
"Oncorhynchus tshawytscha","Oncorhynchus tshawytscha"
"Onisimus litoralis","Onisimus litoralis"
"Pachycara brachycephalum","Pachycara brachycephalum"
"Pachycondyla chinensis","Pachycondyla chinensis"
"Pachycondyla tridentata","Pachycondyla tridentata"
"Pachydiplax longipennis","Pachydiplax longipennis"
"Pachygrapsus marmoratus","Pachygrapsus marmoratus"
"Pardosa nigriceps","Pardosa nigriceps"
"Periophthalmus kalolo","Periophthalmus kalolo"
"Petrolisthes cabrilloi","Petrolisthes cabrilloi"
"Petrolisthes cinctipes","Petrolisthes cinctipes"
"Petrolisthes eriomerus","Petrolisthes eriomerus"
"Petrolisthes manimaculis","Petrolisthes manimaculis"
"Pheidole noda","Pheidole noda"
"Pheidole tenuinodis","Pheidole tenuinodis"
"Phenacobius mirabilis","Phenacobius mirabilis"
"Philodromus aureolus","Philodromus aureolus"
"Philoria frosti","Philoria frosti"
"Phrurolithus festivus","Phrurolithus festivus"
"Phrynosoma platyrhinos","Phrynosoma platyrhinos"
"Phymaturus antofagastensis","Phymaturus antofagastensis"
"Phymaturus dorsimaculatus","Phymaturus dorsimaculatus"
"Phymaturus indistinctus","Phymaturus indistinctus"
"Phymaturus palluma","Phymaturus palluma"
"Phymaturus patagonicus","Phymaturus patagonicus"
"Phymaturus somuncurensis","Phymaturus somuncurensis"
"Phymaturus tenebrosus","Phymaturus tenebrosus"
"Phymaturus zapalensis","Phymaturus zapalensis"
"Pimephales notatus","Pimephales notatus"
"Pimephales promelas","Pimephales promelas"
"Pimephales vigilax","Pimephales vigilax"
"Plagiolepis pygmaea","Plagiolepis pygmaea"
"Platymantis banahao","Platymantis banahao"
"Platymantis luzonensis","Platymantis luzonensis"
"Platysaurus intermedius","Platysaurus intermedius"
"Podacarus auberti","Podacarus auberti"
"Podarcis muralis","Podarcis muralis"
"Poeciliopsis monacha","Poeciliopsis monacha"
"Pogonichthys macrolepidotus","Pogonichthys macrolepidotus"
"Pogonomyrmex barbatus","Pogonomyrmex barbatus"
"Pogonomyrmex californicus","Pogonomyrmex californicus"
"Pogonomyrmex desertorum","Pogonomyrmex desertorum"
"Pogonomyrmex rugosus","Pogonomyrmex rugosus"
"Polyrhachis bihamata","Polyrhachis bihamata"
"Polyrhachis furcata","Polyrhachis furcata"
"Ponera pennsylvanica","Ponera pennsylvanica"
"Potamopyrgus antipodarum","Potamopyrgus antipodarum"
"Prenolepis imparis","Prenolepis imparis"
"Prinerigone vagans","Prinerigone vagans"
"Proceratium silaceum","Proceratium silaceum"
"Proformica ferreri","Proformica ferreri"
"Proformica longiseta","Proformica longiseta"
"Protomognathus americanus","Protomognathus americanus"
"Pseudocordylus melanotus","Pseudocordylus melanotus"
"Pseudonaja nuchalis","Pseudonaja nuchalis"
"Ptenopus garrulus","Ptenopus garrulus"
"Pyramica rostrata","Pyramica rostrata"
"Rankinia diemensis","Rankinia diemensis"
"Reticulitermes flavipes","Reticulitermes flavipes"
"Rhinichthys cataractae","Rhinichthys cataractae"
"Rhinichthys osculus","Rhinichthys osculus"
"Salmo salar","Salmo salar"
"Salmo trutta","Salmo trutta"
"Salvelinus fontinalis","Salvelinus fontinalis"
"Sceloporus graciosus","Sceloporus graciosus"
"Sceloporus grammicus","Sceloporus grammicus"
"Sceloporus magister","Sceloporus magister"
"Sceloporus malachiticus","Sceloporus malachiticus"
"Sceloporus merriami","Sceloporus merriami"
"Sceloporus occidentalis","Sceloporus occidentalis"
"Sceloporus variabilis","Sceloporus variabilis"
"Sceloporus woodi","Sceloporus woodi"
"Scorpaena porcus","Scorpaena porcus"
"Scotina gracilipes","Scotina gracilipes"
"Semotilus atromaculatus","Semotilus atromaculatus"
"Solenopsis molesta","Solenopsis molesta"
"Sphaerodactylus klauberi","Sphaerodactylus klauberi"
"Sphaerodactylus macrolepis","Sphaerodactylus macrolepis"
"Sphaerodactylus nicholsi","Sphaerodactylus nicholsi"
"Sphaerodactylus roosevelti","Sphaerodactylus roosevelti"
"Sphaerodactylus townsendi","Sphaerodactylus townsendi"
"Spisula subtruncata","Spisula subtruncata"
"Stemonyphantes lineatus","Stemonyphantes lineatus"
"Stenamma impar","Stenamma impar"
"Succinea strigata","Succinea strigata"
"Taeniopoda eques","Taeniopoda eques"
"Tapinoma sessile","Tapinoma sessile"
"Tarentola boettgeri","Tarentola boettgeri"
"Tauriphila argo","Tauriphila argo"
"Teratoscincus przewalskii","Teratoscincus przewalskii"
"Testudo hermanni","Testudo hermanni"
"Tetracanthella afurcata","Tetracanthella afurcata"
"Tetramorium bicarinatum","Tetramorium bicarinatum"
"Tetramorium caespitum","Tetramorium caespitum"
"Tetramorium rufescens","Tetramorium rufescens"
"Tetramorium semilaeve","Tetramorium semilaeve"
"Tetramorium sericeiventre","Tetramorium sericeiventre"
"Thamnophis marcianus","Thamnophis marcianus"
"Tibellus oblongus","Tibellus oblongus"
"Tigriopus angulatus","Tigriopus angulatus"
"Tigriopus brevicornis","Tigriopus brevicornis"
"Tigriopus fulvus","Tigriopus fulvus"
"Trachymyrmex septentrionalis","Trachymyrmex septentrionalis"
"Trachymyrmex smithi_neomexicanus","Trachymyrmex smithi_neomexicanus"
"Tramea carolina","Tramea carolina"
"Tramea cophysa","Tramea cophysa"
"Trapelus savignii","Trapelus savignii"
"Trematomus bernacchii","Trematomus bernacchii"
"Trematomus hansoni","Trematomus hansoni"
"Trimeresurus gracilis","Trimeresurus gracilis"
"Trimeresurus stejnegeri","Trimeresurus stejnegeri"
"Uma inornata","Uma inornata"
"Urosaurus auriculatus","Urosaurus auriculatus"
"Urosaurus clarionensis","Urosaurus clarionensis"
"Varanus gouldii","Varanus gouldii"
"Varanus varius","Varanus varius"
"Xantho incisus","Xantho incisus"
"Xyrauchen texanus","Xyrauchen texanus"
"Zoarces viviparus","Zoarces viviparus"
"Zora spinimana","Zora spinimana"
"Acanthodactylus erythrurus","Acanthodactylus erythrurus"
"Acanthomyops sp.1","Acanthomyops sp.1"
"Acar domingensis","Acar domingensis"
"Acontias meleagris","Acontias meleagris"
"Adamussium colbecki","Adamussium colbecki"
"Aenictus sp.1","Aenictus sp.1"
"Afrinus sp.1","Afrinus sp.1"
"Ameiva quadrilineata","Ameiva quadrilineata"
"Anodontia bullula","Anodontia bullula"
"Anomalocardia squamosa","Anomalocardia squamosa"
"Anomalopus brevicollis","Anomalopus brevicollis"
"Anomalopus leuckartii","Anomalopus leuckartii"
"Antarctopsocus jeanneli","Antarctopsocus jeanneli"
"Aphaenogaster carolinensis","Aphaenogaster carolinensis"
"Aphaenogaster rudis","Aphaenogaster rudis"
"Aphaenogaster sp.1","Aphaenogaster sp.1"
"Aphanenogaster senilis","Aphanenogaster senilis"
"Apogon pacifici","Apogon pacifici"
"Argopecten purpuratus","Argopecten purpuratus"
"Aulacomya atra","Aulacomya atra"
"Barbatia pistachia","Barbatia pistachia"
"Bassiana duperreyi","Bassiana duperreyi"
"Bassiana platynota","Bassiana platynota"
"Bathygobius sp.1","Bathygobius sp.1"
"Bathygobius sp.2","Bathygobius sp.2"
"Bothrometopus brevis","Bothrometopus brevis"
"Bothrometopus elongatus","Bothrometopus elongatus"
"Bothrometopus gracilipes","Bothrometopus gracilipes"
"Bothrometopus parvulus","Bothrometopus parvulus"
"Bothrometopus randi","Bothrometopus randi"
"Bufo haemititicus","Bufo haemititicus"
"Bullia rhodostoma","Bullia rhodostoma"
"Calyptotis temporalis","Calyptotis temporalis"
"Camponotus americanus","Camponotus americanus"
"Camponotus sp.1","Camponotus sp.1"
"Camponotus sp.2","Camponotus sp.2"
"Camponotus sp.3","Camponotus sp.3"
"Canonopsis sericeus","Canonopsis sericeus"
"Cardiocondyla sp.1","Cardiocondyla sp.1"
"Carlia foliorum","Carlia foliorum"
"Carlia longipes","Carlia longipes"
"Carlia munda","Carlia munda"
"Carlia pectoralis","Carlia pectoralis"
"Carlia rhomboidalis","Carlia rhomboidalis"
"Carlia schmeltzi","Carlia schmeltzi"
"Carlia vivax","Carlia vivax"
"Cataglyphis bombycina","Cataglyphis bombycina"
"Celatoblatta quinquemaculata","Celatoblatta quinquemaculata"
"Chirodica chalcoptera","Chirodica chalcoptera"
"Choromytilus chorus","Choromytilus chorus"
"Cnemidocarpa bicornuta","Cnemidocarpa bicornuta"
"Cookia sulcata","Cookia sulcata"
"Cophixalis ornatus","Cophixalis ornatus"
"Cophixalus NAacetus","Cophixalus NAacetus"
"Corbula sp.1","Corbula sp.1"
"Crematogaster NAlata","Crematogaster NAlata"
"Crematogaster Physocremasp","Crematogaster Physocremasp"
"Crematogaster sp.1","Crematogaster sp.1"
"Crematogaster sp.2","Crematogaster sp.2"
"Crinia parainsignifera","Crinia parainsignifera"
"Cryptoblepharus litoralis","Cryptoblepharus litoralis"
"Cryptoblepharus plagiocephalus","Cryptoblepharus plagiocephalus"
"Cryptoblepharus virgatus","Cryptoblepharus virgatus"
"Cryptopygus antarcticustravei","Cryptopygus antarcticustravei"
"Ctenotus essingtoni","Ctenotus essingtoni"
"Ctenotus pantherinus","Ctenotus pantherinus"
"Ctenotus regius","Ctenotus regius"
"Ctenotus spaldingi","Ctenotus spaldingi"
"Ctenotus taeniolatus","Ctenotus taeniolatus"
"Ctenotus uber","Ctenotus uber"
"Cyclodomorphus branchialis","Cyclodomorphus branchialis"
"Cyclodomorphus melanops","Cyclodomorphus melanops"
"Cyprinodon sp.1","Cyprinodon sp.1"
"Derocalymma sp.2","Derocalymma sp.2"
"Derocalymma sp1","Derocalymma sp1"
"Diamesa sp.1","Diamesa sp.1"
"Dipoena inornata","Dipoena inornata"
"Divaricella irpex","Divaricella irpex"
"Donax serra","Donax serra"
"Donax sordidus","Donax sordidus"
"Dorymyrmex sp.1","Dorymyrmex sp.1"
"Drosophila angularis","Drosophila angularis"
"Drosophila auraria","Drosophila auraria"
"Drosophila biauraria","Drosophila biauraria"
"Drosophila bipectinata","Drosophila bipectinata"
"Drosophila birchii","Drosophila birchii"
"Drosophila bocki","Drosophila bocki"
"Drosophila brachynephros","Drosophila brachynephros"
"Drosophila curviceps","Drosophila curviceps"
"Drosophila curvispina","Drosophila curvispina"
"Drosophila daruma","Drosophila daruma"
"Drosophila elegans","Drosophila elegans"
"Drosophila ficusphila","Drosophila ficusphila"
"Drosophila kanekoi","Drosophila kanekoi"
"Drosophila lacertosa","Drosophila lacertosa"
"Drosophila lacteicornis","Drosophila lacteicornis"
"Drosophila lutescens","Drosophila lutescens"
"Drosophila neotestacea","Drosophila neotestacea"
"Drosophila nigromaculata","Drosophila nigromaculata"
"Drosophila orientacea","Drosophila orientacea"
"Drosophila quadrilineata","Drosophila quadrilineata"
"Drosophila ruberrima","Drosophila ruberrima"
"Drosophila rufa","Drosophila rufa"
"Drosophila serrata","Drosophila serrata"
"Drosophila sternopleuralis","Drosophila sternopleuralis"
"Drosophila suzukii","Drosophila suzukii"
"Drosophila takahashii","Drosophila takahashii"
"Drosophila unispina","Drosophila unispina"
"Drosophila validus","Drosophila validus"
"Ectemnorhinus marioni","Ectemnorhinus marioni"
"Ectemnorhinus similis","Ectemnorhinus similis"
"Ectemnorhinus viridis","Ectemnorhinus viridis"
"Egernia cunninghami","Egernia cunninghami"
"Egernia inornata","Egernia inornata"
"Egernia saxatilis","Egernia saxatilis"
"Egernia striolata","Egernia striolata"
"Egernia whitii","Egernia whitii"
"Eleutherodactylus portoricensus","Eleutherodactylus portoricensus"
"Ellochelon vaigiensis","Ellochelon vaigiensis"
"Ensis macha","Ensis macha"
"Eremias argus","Eremias argus"
"Eremias brenchleyi","Eremias brenchleyi"
"Eremias multiocellata","Eremias multiocellata"
"Eremiascincus fasciolatus","Eremiascincus fasciolatus"
"Eremiascincus richardsoni","Eremiascincus richardsoni"
"Etheostoma fabellare","Etheostoma fabellare"
"Eulamprus heatwolei","Eulamprus heatwolei"
"Eulamprus kosciuskoi","Eulamprus kosciuskoi"
"Eulamprus murrayi","Eulamprus murrayi"
"Eulamprus quoyii","Eulamprus quoyii"
"Eulamprus tenuis","Eulamprus tenuis"
"Eulamprus tympanum","Eulamprus tympanum"
"Formica sp.1","Formica sp.1"
"Friesea grisea","Friesea grisea"
"Gafrarium dispar","Gafrarium dispar"
"Gari solida","Gari solida"
"Gastrophyrne mazatlanensis","Gastrophyrne mazatlanensis"
"Glaphyromorphus punctulatus","Glaphyromorphus punctulatus"
"Glossina pallidipes","Glossina pallidipes"
"GM-10-261 NA","GM-10-261 NA"
"Gnamptogenys sp.1","Gnamptogenys sp.1"
"Gonocephalum simplex","Gonocephalum simplex"
"Gyraulus gilberti","Gyraulus gilberti"
"Halmaeusa atriceps","Halmaeusa atriceps"
"Hemiergis decresiensis","Hemiergis decresiensis"
"Hemiergis peroni","Hemiergis peroni"
"Hemiergis quadrilineatum","Hemiergis quadrilineatum"
"Hirtodrosophila histrioides","Hirtodrosophila histrioides"
"Hodotermes mossambicus","Hodotermes mossambicus"
"Hyla alpina","Hyla alpina"
"Hyla chrysocelis","Hyla chrysocelis"
"Hypophacus sp.1","Hypophacus sp.1"
"Hypoponera sp.1","Hypoponera sp.1"
"Ischnochiton australis","Ischnochiton australis"
"Isotoma klovstadi","Isotoma klovstadi"
"Kerguelenella lateralis","Kerguelenella lateralis"
"Lacerta agilis","Lacerta agilis"
"Lacerta monticola","Lacerta monticola"
"Lacerta schreiberi","Lacerta schreiberi"
"Lampropholis guichenoti","Lampropholis guichenoti"
"Lasius sp.1","Lasius sp.1"
"Laternula elliptica","Laternula elliptica"
"Laudakia stellio","Laudakia stellio"
"Leptodactylus melanotus","Leptodactylus melanotus"
"Leptogenys sp.1","Leptogenys sp.1"
"Lerista bougainvilli","Lerista bougainvilli"
"Lerista frosti","Lerista frosti"
"Lerista neander","Lerista neander"
"Lerista orientalis","Lerista orientalis"
"Lerista terdigitata","Lerista terdigitata"
"Libellula sp.1","Libellula sp.1"
"Limatula hodgsoni","Limatula hodgsoni"
"Limopsis marionensis","Limopsis marionensis"
"Liocarcinus marmoreus","Liocarcinus marmoreus"
"Liolaemus altissimus","Liolaemus altissimus"
"Liolaemus bisignatus","Liolaemus bisignatus"
"Liolaemus hernani","Liolaemus hernani"
"Liolaemus nigroroseus","Liolaemus nigroroseus"
"Liolaemus punctatissimus","Liolaemus punctatissimus"
"Liolaemus sp.1","Liolaemus sp.1"
"Liothyrella uva","Liothyrella uva"
"Lipinia pulchella","Lipinia pulchella"
"Lithobates sylvatica","Lithobates sylvatica"
"Littorina fabalis","Littorina fabalis"
"Melanotus sp.1","Melanotus sp.1"
"Melasoma collaris","Melasoma collaris"
"Meroles suborbitalis","Meroles suborbitalis"
"Metacarcinus magister","Metacarcinus magister"
"Morethia butleri","Morethia butleri"
"Morethia lineoocellata","Morethia lineoocellata"
"Morethia obscura","Morethia obscura"
"Morethia taeniopleura","Morethia taeniopleura"
"Myoxocephalus quadricornis_hexacornis","Myoxocephalus quadricornis_hexacornis"
"Myrmicaria sp.1","Myrmicaria sp.1"
"Myxophyes fasciolatus","Myxophyes fasciolatus"
"Nacella concinna","Nacella concinna"
"Nannoscincus maccoyi","Nannoscincus maccoyi"
"Niveoscincus coventryi","Niveoscincus coventryi"
"Niveoscincus ocellatus","Niveoscincus ocellatus"
"Odontoponera sp.1","Odontoponera sp.1"
"Oligosoma maccanni","Oligosoma maccanni"
"Onychiurus vontoernei","Onychiurus vontoernei"
"Onymacris bicolor","Onymacris bicolor"
"Onymacris marginipennis","Onymacris marginipennis"
"Onymacris plana","Onymacris plana"
"Onymacris rugatipennis","Onymacris rugatipennis"
"Onymacris unguicularis","Onymacris unguicularis"
"Ophioneries fasciata","Ophioneries fasciata"
"Ophiostigma abnorme","Ophiostigma abnorme"
"Pachycondyla faisonensis","Pachycondyla faisonensis"
"Palirhoeus eatoni","Palirhoeus eatoni"
"Paracalliope fluviatilis","Paracalliope fluviatilis"
"Paractora dreuxi","Paractora dreuxi"
"Paratrechina yambaru","Paratrechina yambaru"
"Paratya curvirostris","Paratya curvirostris"
"Parcoblatta pennsylvanica","Parcoblatta pennsylvanica"
"Parvoscincus decipiens","Parvoscincus decipiens"
"Pedioplanis lineoocellata","Pedioplanis lineoocellata"
"Perisphaeria sp.1","Perisphaeria sp.1"
"Perisphaeria sp.2","Perisphaeria sp.2"
"Perisphaeria sp.3","Perisphaeria sp.3"
"Petrolisthes gracilis","Petrolisthes gracilis"
"Petrolisthes hirtipes","Petrolisthes hirtipes"
"Pheidole pallldula","Pheidole pallldula"
"Pheidole sp.1","Pheidole sp.1"
"Pheidologeton sp.1","Pheidologeton sp.1"
"Philoria sphagnicola","Philoria sphagnicola"
"Physadesmia globosa","Physadesmia globosa"
"Pinoyscincus abdictus","Pinoyscincus abdictus"
"Pinoyscincus jagori","Pinoyscincus jagori"
"Planostibes sp.1","Planostibes sp.1"
"Plestiodon chinensis","Plestiodon chinensis"
"Plestiodon elegans","Plestiodon elegans"
"Plestiodon gilberti","Plestiodon gilberti"
"Plestiodon obsoletus","Plestiodon obsoletus"
"Plestiodon skiltonianus","Plestiodon skiltonianus"
"pleuronectus platessa","pleuronectus platessa"
"Podarcis bocagei","Podarcis bocagei"
"Podarcis hispanica","Podarcis hispanica"
"Podarcis lilfordi","Podarcis lilfordi"
"Podarcis tiliguerta","Podarcis tiliguerta"
"Polyrhachis sp.1","Polyrhachis sp.1"
"Pristomyrmex sp.1","Pristomyrmex sp.1"
"Psammodromus algirus","Psammodromus algirus"
"Psammodromus hispanicus","Psammodromus hispanicus"
"Pseudechinus huttoni","Pseudechinus huttoni"
"Pseudemoia entrecasteauxii","Pseudemoia entrecasteauxii"
"Pseudemoia spenceri","Pseudemoia spenceri"
"Psorodes sp.1","Psorodes sp.1"
"Pterostichini sp.1","Pterostichini sp.1"
"Rana boyleri","Rana boyleri"
"Sabellastarte australiensis","Sabellastarte australiensis"
"Saiphos equalis","Saiphos equalis"
"Saproscincus basiliscus","Saproscincus basiliscus"
"Saproscincus mustelina","Saproscincus mustelina"
"Saproscincus tetradactyla","Saproscincus tetradactyla"
"Sardinops melanosticta","Sardinops melanosticta"
"Scaptodrosophila bryani","Scaptodrosophila bryani"
"Scaptodrosophila coracina","Scaptodrosophila coracina"
"Scaptodrosophila dorsocentralis","Scaptodrosophila dorsocentralis"
"Scaptodrosophila pallida","Scaptodrosophila pallida"
"Scelotes gronovii","Scelotes gronovii"
"Semele corrugata","Semele corrugata"
"Semele solida","Semele solida"
"Siliqua sp.1","Siliqua sp.1"
"Somaticus sp.1","Somaticus sp.1"
"Spea holbrooki","Spea holbrooki"
"Sphaerium novaezelandiae","Sphaerium novaezelandiae"
"Sphenomorphus incognitus","Sphenomorphus incognitus"
"Sphenomorphus indicus","Sphenomorphus indicus"
"Sphenomorphus taiwanensis","Sphenomorphus taiwanensis"
"Stenocara dentata","Stenocara dentata"
"Sterechinus neumayeri","Sterechinus neumayeri"
"Tagelus dombeii","Tagelus dombeii"
"Takydromus formosanus","Takydromus formosanus"
"Takydromus hsuehshanensis","Takydromus hsuehshanensis"
"Takydromus septentrionalis","Takydromus septentrionalis"
"Takydromus sexlineatus","Takydromus sexlineatus"
"Takydromus stejnegeri","Takydromus stejnegeri"
"Tapinoma sp.1","Tapinoma sp.1"
"Technomyrmex brunneus","Technomyrmex brunneus"
"Technomyrmex sp.1","Technomyrmex sp.1"
"Tegillarca granosa","Tegillarca granosa"
"Tellina capsoides","Tellina capsoides"
"Tellina piratica","Tellina piratica"
"Tellina sp.1","Tellina sp.1"
"Temnothorax curvispinosus","Temnothorax curvispinosus"
"Temnothorax longispinosus","Temnothorax longispinosus"
"Temnothorax pergandei","Temnothorax pergandei"
"Temnothorax tuscaloosae","Temnothorax tuscaloosae"
"Tetramorium nigerrimum","Tetramorium nigerrimum"
"Tetramorium sp.1","Tetramorium sp.1"
"Tetramorium Triglyphotrixsp","Tetramorium Triglyphotrixsp"
"Tiliqua nigrolutea","Tiliqua nigrolutea"
"Tiliqua rugosa","Tiliqua rugosa"
"Tiliqua scincoides","Tiliqua scincoides"
"Trachylepis capensis","Trachylepis capensis"
"Trachylepis striata","Trachylepis striata"
"Tramea walkeri","Tramea walkeri"
"Trematomus borchgrevinki","Trematomus borchgrevinki"
"Trophonella longstafi","Trophonella longstafi"
"Tropidophorus queenslandiae","Tropidophorus queenslandiae"
"Tullbergia bisetosa","Tullbergia bisetosa"
"Typhlacontias brevipes","Typhlacontias brevipes"
"Uloma impressa","Uloma impressa"
"Venus antiqua","Venus antiqua"
"Zelotes serotinus","Zelotes serotinus"
"Zootoca vivipara","Zootoca vivipara"
